Conditions,MazeType,ID,LocalDirectionX,LocalDirectionY,LocalDirectionZ,TargetPositionX,TargetPositionY,TargetAppear,GazeX,GazeY,index,Group(组别),TimeStamp,Distance_X,Distance_Y,Distance(CurrentAndPrevious),Gaze_Origin_Left_X,Gaze_Origin_Left_Y,Gaze_Origin_Right_X,Gaze_Origin_Right_Y,Gaze_Direction_Left_X,Gaze_Direction_Left_Y,Gaze_Direction_Right_X,Gaze_Direction_Right_Y,Pupil_Pos_Left_X,Pupil_Pos_Left_Y,Pupil_Pos_Right_X,Pupil_Pos_Right_Y,Pupil_Size_Left,Pupil_Pos_Right,Eye_Openness_Left,Eye_Openness_Right,IN_SACCADE,IN_FIXATION,angle,isCorrect
OnlyDrive
OnlyDrive
OnlyDrive
OnlyDrive
OnlyDrive
OnlyDrive
OnlyDrive
OnlyDrive
OnlyDrive
OnlyDrive
OnlyDrive
OnlyDrive
OnlyDrive
OnlyDrive
OnlyDrive
OnlyDrive
OnlyDrive
OnlyDrive
OnlyDrive
OnlyDrive
OnlyDrive
OnlyDrive
OnlyDrive
OnlyDrive
OnlyDrive
OnlyDrive
OnlyDrive
OnlyDrive
OnlyDrive
OnlyDrive
OnlyDrive
OnlyDrive
OnlyDrive
OnlyDrive
OnlyDrive
OnlyDrive
OnlyDrive
OnlyDrive
OnlyDrive
OnlyDrive
OnlyDrive
OnlyDrive
OnlyDrive
OnlyDrive
OnlyDrive
OnlyDrive
OnlyDrive
OnlyDrive
OnlyDrive
OnlyDrive
OnlyDrive
OnlyDrive
OnlyDrive
OnlyDrive
OnlyDrive
OnlyDrive
OnlyDrive
OnlyDrive
OnlyDrive
OnlyDrive
OnlyDrive
OnlyDrive
OnlyDrive
OnlyDrive
OnlyDrive
OnlyDrive
OnlyDrive
OnlyDrive
OnlyDrive
OnlyDrive
OnlyDrive
OnlyDrive
OnlyDrive
OnlyDrive
OnlyDrive
OnlyDrive
OnlyDrive
OnlyDrive
OnlyDrive
OnlyDrive
OnlyDrive
OnlyDrive
OnlyDrive
OnlyDrive
OnlyDrive
OnlyDrive
OnlyDrive
OnlyDrive
OnlyDrive
OnlyDrive
OnlyDrive
OnlyDrive
OnlyDrive
OnlyDrive
OnlyDrive
OnlyDrive
OnlyDrive
OnlyDrive
OnlyDrive
OnlyDrive
OnlyDrive
OnlyDrive
OnlyDrive
OnlyDrive
OnlyDrive
OnlyDrive
OnlyDrive
OnlyDrive
OnlyDrive
OnlyDrive
OnlyDrive
OnlyDrive
OnlyDrive
OnlyDrive
OnlyDrive
OnlyDrive
OnlyDrive
OnlyDrive
OnlyDrive
OnlyDrive
OnlyDrive
OnlyDrive
OnlyDrive
OnlyDrive
OnlyDrive
OnlyDrive
OnlyDrive
OnlyDrive
OnlyDrive
OnlyDrive
OnlyDrive
OnlyDrive
OnlyDrive
OnlyDrive
OnlyDrive
OnlyDrive
OnlyDrive
OnlyDrive
OnlyDrive
OnlyDrive
OnlyDrive
OnlyDrive
OnlyDrive
OnlyDrive
OnlyDrive
OnlyDrive
OnlyDrive
OnlyDrive
OnlyDrive
OnlyDrive
OnlyDrive
OnlyDrive
OnlyDrive
OnlyDrive
OnlyDrive
OnlyDrive
OnlyDrive
OnlyDrive
OnlyDrive
OnlyDrive
OnlyDrive
OnlyDrive
OnlyDrive
OnlyDrive
OnlyDrive
OnlyDrive
OnlyDrive
OnlyDrive
OnlyDrive
OnlyDrive
OnlyDrive
OnlyDrive
OnlyDrive
OnlyDrive
OnlyDrive
OnlyDrive
OnlyDrive
OnlyDrive
OnlyDrive
OnlyDrive
OnlyDrive
OnlyDrive
OnlyDrive
OnlyDrive
OnlyDrive
OnlyDrive
OnlyDrive
OnlyDrive
OnlyDrive
OnlyDrive
OnlyDrive
OnlyDrive
OnlyDrive
OnlyDrive
OnlyDrive
OnlyDrive
OnlyDrive
OnlyDrive
OnlyDrive
OnlyDrive
OnlyDrive
OnlyDrive
OnlyDrive
OnlyDrive
OnlyDrive
OnlyDrive
OnlyDrive
OnlyDrive
OnlyDrive
OnlyDrive
OnlyDrive
OnlyDrive
OnlyDrive
OnlyDrive
OnlyDrive
OnlyDrive
OnlyDrive
OnlyDrive
OnlyDrive
OnlyDrive
OnlyDrive
OnlyDrive
OnlyDrive
OnlyDrive
OnlyDrive
OnlyDrive
OnlyDrive
OnlyDrive
OnlyDrive
OnlyDrive
OnlyDrive
OnlyDrive
OnlyDrive
OnlyDrive
OnlyDrive
OnlyDrive
OnlyDrive
OnlyDrive
OnlyDrive
OnlyDrive
OnlyDrive
OnlyDrive
OnlyDrive
OnlyDrive
OnlyDrive
OnlyDrive
OnlyDrive
OnlyDrive
OnlyDrive
OnlyDrive
OnlyDrive
OnlyDrive
OnlyDrive
OnlyDrive
OnlyDrive
OnlyDrive
OnlyDrive
OnlyDrive
OnlyDrive
OnlyDrive
OnlyDrive
OnlyDrive
OnlyDrive
OnlyDrive
OnlyDrive
OnlyDrive
OnlyDrive
OnlyDrive
OnlyDrive
OnlyDrive
OnlyDrive
OnlyDrive
OnlyDrive
OnlyDrive
OnlyDrive
OnlyDrive
OnlyDrive
OnlyDrive
OnlyDrive
OnlyDrive
OnlyDrive
OnlyDrive
OnlyDrive
OnlyDrive
OnlyDrive
OnlyDrive
OnlyDrive
OnlyDrive
OnlyDrive
OnlyDrive
OnlyDrive
OnlyDrive
OnlyDrive
OnlyDrive
OnlyDrive
OnlyDrive
OnlyDrive
OnlyDrive
OnlyDrive
OnlyDrive
OnlyDrive
OnlyDrive
OnlyDrive
OnlyDrive
OnlyDrive
OnlyDrive
OnlyDrive
OnlyDrive
OnlyDrive
OnlyDrive
OnlyDrive
OnlyDrive
OnlyDrive
OnlyDrive
OnlyDrive
OnlyDrive
OnlyDrive
OnlyDrive
OnlyDrive
OnlyDrive
OnlyDrive
OnlyDrive
OnlyDrive
OnlyDrive
OnlyDrive
OnlyDrive
OnlyDrive
OnlyDrive
OnlyDrive
OnlyDrive
OnlyDrive
OnlyDrive
OnlyDrive
OnlyDrive
OnlyDrive
OnlyDrive
OnlyDrive
OnlyDrive
OnlyDrive
OnlyDrive
OnlyDrive
OnlyDrive
OnlyDrive
OnlyDrive
OnlyDrive
OnlyDrive
OnlyDrive
OnlyDrive
OnlyDrive
OnlyDrive
OnlyDrive
OnlyDrive
OnlyDrive
OnlyDrive
OnlyDrive
OnlyDrive
OnlyDrive
OnlyDrive
OnlyDrive
OnlyDrive
OnlyDrive
OnlyDrive
OnlyDrive
OnlyDrive
OnlyDrive
OnlyDrive
OnlyDrive
OnlyDrive
OnlyDrive
OnlyDrive
OnlyDrive
OnlyDrive
OnlyDrive
OnlyDrive
OnlyDrive
OnlyDrive
OnlyDrive
OnlyDrive
OnlyDrive
OnlyDrive
OnlyDrive
OnlyDrive
OnlyDrive
OnlyDrive
OnlyDrive
OnlyDrive
OnlyDrive
OnlyDrive
OnlyDrive
OnlyDrive
OnlyDrive
OnlyDrive
OnlyDrive
OnlyDrive
OnlyDrive
OnlyDrive
OnlyDrive
OnlyDrive
OnlyDrive
OnlyDrive
OnlyDrive
OnlyDrive
OnlyDrive
OnlyDrive
OnlyDrive
OnlyDrive
OnlyDrive
OnlyDrive
OnlyDrive
OnlyDrive
OnlyDrive
OnlyDrive
OnlyDrive
OnlyDrive
OnlyDrive
OnlyDrive
OnlyDrive
OnlyDrive
OnlyDrive
OnlyDrive
OnlyDrive
OnlyDrive
OnlyDrive
OnlyDrive
OnlyDrive
OnlyDrive
OnlyDrive
OnlyDrive
OnlyDrive
OnlyDrive
OnlyDrive
OnlyDrive
OnlyDrive
OnlyDrive
OnlyDrive
OnlyDrive
OnlyDrive
OnlyDrive
OnlyDrive
OnlyDrive
OnlyDrive
OnlyDrive
OnlyDrive
OnlyDrive
OnlyDrive
OnlyDrive
OnlyDrive
OnlyDrive
OnlyDrive
OnlyDrive
OnlyDrive
OnlyDrive
OnlyDrive
OnlyDrive
OnlyDrive
OnlyDrive
OnlyDrive
OnlyDrive
OnlyDrive
OnlyDrive
OnlyDrive
OnlyDrive
OnlyDrive
OnlyDrive
OnlyDrive
OnlyDrive
OnlyDrive
OnlyDrive
OnlyDrive
OnlyDrive
OnlyDrive
OnlyDrive
OnlyDrive
OnlyDrive
OnlyDrive
OnlyDrive
OnlyDrive
OnlyDrive
OnlyDrive
OnlyDrive
OnlyDrive
OnlyDrive
OnlyDrive
OnlyDrive
OnlyDrive
OnlyDrive
OnlyDrive
OnlyDrive
OnlyDrive
OnlyDrive
OnlyDrive
OnlyDrive
OnlyDrive
OnlyDrive
OnlyDrive
OnlyDrive
OnlyDrive
OnlyDrive
OnlyDrive
OnlyDrive
OnlyDrive
OnlyDrive
OnlyDrive
OnlyDrive
OnlyDrive
OnlyDrive
OnlyDrive
OnlyDrive
OnlyDrive
OnlyDrive
OnlyDrive
OnlyDrive
OnlyDrive
OnlyDrive
OnlyDrive
OnlyDrive
OnlyDrive
OnlyDrive
OnlyDrive
OnlyDrive
OnlyDrive
OnlyDrive
OnlyDrive
OnlyDrive
OnlyDrive
OnlyDrive
OnlyDrive
OnlyDrive
OnlyDrive
OnlyDrive
OnlyDrive
OnlyDrive
OnlyDrive
OnlyDrive
OnlyDrive
OnlyDrive
OnlyDrive
OnlyDrive
OnlyDrive
OnlyDrive
OnlyDrive
OnlyDrive
OnlyDrive
OnlyDrive
OnlyDrive
OnlyDrive
OnlyDrive
OnlyDrive
OnlyDrive
OnlyDrive
OnlyDrive
OnlyDrive
OnlyDrive
OnlyDrive
OnlyDrive
OnlyDrive
OnlyDrive
OnlyDrive
OnlyDrive
OnlyDrive
OnlyDrive
OnlyDrive
OnlyDrive
OnlyDrive
OnlyDrive
OnlyDrive
OnlyDrive
OnlyDrive
OnlyDrive
OnlyDrive
OnlyDrive
OnlyDrive
OnlyDrive
OnlyDrive
OnlyDrive
OnlyDrive
OnlyDrive
OnlyDrive
OnlyDrive
OnlyDrive
OnlyDrive
OnlyDrive
OnlyDrive
OnlyDrive
OnlyDrive
OnlyDrive
OnlyDrive
OnlyDrive
OnlyDrive
OnlyDrive
OnlyDrive
OnlyDrive
OnlyDrive
OnlyDrive
OnlyDrive
OnlyDrive
OnlyDrive
OnlyDrive
OnlyDrive
OnlyDrive
OnlyDrive
OnlyDrive
OnlyDrive
OnlyDrive
OnlyDrive
OnlyDrive
OnlyDrive
OnlyDrive
OnlyDrive
OnlyDrive
OnlyDrive
OnlyDrive
OnlyDrive
OnlyDrive
OnlyDrive
OnlyDrive
OnlyDrive
OnlyDrive
OnlyDrive
OnlyDrive
OnlyDrive
OnlyDrive
OnlyDrive
OnlyDrive
OnlyDrive
OnlyDrive
OnlyDrive
OnlyDrive
OnlyDrive
OnlyDrive
OnlyDrive
OnlyDrive
OnlyDrive
OnlyDrive
OnlyDrive
OnlyDrive
OnlyDrive
OnlyDrive
OnlyDrive
OnlyDrive
OnlyDrive
OnlyDrive
OnlyDrive
OnlyDrive
OnlyDrive
OnlyDrive
OnlyDrive
OnlyDrive
OnlyDrive
OnlyDrive
OnlyDrive
OnlyDrive
OnlyDrive
OnlyDrive
OnlyDrive
OnlyDrive
OnlyDrive
OnlyDrive
OnlyDrive
OnlyDrive
OnlyDrive
OnlyDrive
OnlyDrive
OnlyDrive
OnlyDrive
OnlyDrive
OnlyDrive
OnlyDrive
OnlyDrive
OnlyDrive
OnlyDrive
OnlyDrive
OnlyDrive
OnlyDrive
OnlyDrive
OnlyDrive
OnlyDrive
OnlyDrive
OnlyDrive
OnlyDrive
OnlyDrive
OnlyDrive
OnlyDrive
OnlyDrive
OnlyDrive
OnlyDrive
OnlyDrive
OnlyDrive
OnlyDrive
OnlyDrive
OnlyDrive
OnlyDrive
OnlyDrive
OnlyDrive
OnlyDrive
OnlyDrive
OnlyDrive
OnlyDrive
OnlyDrive
OnlyDrive
OnlyDrive
OnlyDrive
OnlyDrive
OnlyDrive
OnlyDrive
OnlyDrive
OnlyDrive
OnlyDrive
OnlyDrive
OnlyDrive
OnlyDrive
OnlyDrive
OnlyDrive
OnlyDrive
OnlyDrive
OnlyDrive
OnlyDrive
OnlyDrive
OnlyDrive
OnlyDrive
OnlyDrive
OnlyDrive
OnlyDrive
OnlyDrive
OnlyDrive
OnlyDrive
OnlyDrive
OnlyDrive
OnlyDrive
OnlyDrive
OnlyDrive
OnlyDrive
OnlyDrive
OnlyDrive
OnlyDrive
OnlyDrive
OnlyDrive
OnlyDrive
OnlyDrive
OnlyDrive
OnlyDrive
OnlyDrive
OnlyDrive
OnlyDrive
OnlyDrive
OnlyDrive
OnlyDrive
OnlyDrive
OnlyDrive
OnlyDrive
OnlyDrive
OnlyDrive
OnlyDrive
OnlyDrive
OnlyDrive
OnlyDrive
OnlyDrive
OnlyDrive
OnlyDrive
OnlyDrive
OnlyDrive
OnlyDrive
OnlyDrive
OnlyDrive
OnlyDrive
OnlyDrive
OnlyDrive
OnlyDrive
OnlyDrive
OnlyDrive
OnlyDrive
OnlyDrive
OnlyDrive
OnlyDrive
OnlyDrive
OnlyDrive
OnlyDrive
OnlyDrive
OnlyDrive
OnlyDrive
OnlyDrive
OnlyDrive
OnlyDrive
OnlyDrive
OnlyDrive
OnlyDrive
OnlyDrive
OnlyDrive
OnlyDrive
OnlyDrive
OnlyDrive
OnlyDrive
OnlyDrive
OnlyDrive
OnlyDrive
OnlyDrive
OnlyDrive
OnlyDrive
OnlyDrive
OnlyDrive
OnlyDrive
OnlyDrive
OnlyDrive
OnlyDrive
OnlyDrive
OnlyDrive
OnlyDrive
OnlyDrive
OnlyDrive
OnlyDrive
OnlyDrive
OnlyDrive
OnlyDrive
OnlyDrive
OnlyDrive
OnlyDrive
OnlyDrive
OnlyDrive
OnlyDrive
OnlyDrive
OnlyDrive
OnlyDrive
OnlyDrive
OnlyDrive
OnlyDrive
OnlyDrive
OnlyDrive
OnlyDrive
OnlyDrive
OnlyDrive
OnlyDrive
OnlyDrive
OnlyDrive
OnlyDrive
OnlyDrive
OnlyDrive
OnlyDrive
OnlyDrive
OnlyDrive
OnlyDrive
OnlyDrive
OnlyDrive
OnlyDrive
OnlyDrive
OnlyDrive
OnlyDrive
OnlyDrive
OnlyDrive
OnlyDrive
OnlyDrive
OnlyDrive
OnlyDrive
OnlyDrive
OnlyDrive
OnlyDrive
OnlyDrive
OnlyDrive
OnlyDrive
OnlyDrive
OnlyDrive
OnlyDrive
OnlyDrive
OnlyDrive
OnlyDrive
OnlyDrive
OnlyDrive
OnlyDrive
OnlyDrive
OnlyDrive
OnlyDrive
OnlyDrive
OnlyDrive
OnlyDrive
OnlyDrive
OnlyDrive
OnlyDrive
OnlyDrive
OnlyDrive
OnlyDrive
OnlyDrive
OnlyDrive
OnlyDrive
OnlyDrive
OnlyDrive
OnlyDrive
OnlyDrive
OnlyDrive
OnlyDrive
OnlyDrive
OnlyDrive
OnlyDrive
OnlyDrive
OnlyDrive
OnlyDrive
OnlyDrive
OnlyDrive
OnlyDrive
OnlyDrive
OnlyDrive
OnlyDrive
OnlyDrive
OnlyDrive
OnlyDrive
OnlyDrive
OnlyDrive
OnlyDrive
OnlyDrive
OnlyDrive
OnlyDrive
OnlyDrive
OnlyDrive
OnlyDrive
OnlyDrive
OnlyDrive
OnlyDrive
OnlyDrive
OnlyDrive
OnlyDrive
OnlyDrive
OnlyDrive
OnlyDrive
OnlyDrive
OnlyDrive
OnlyDrive
OnlyDrive
OnlyDrive
OnlyDrive
OnlyDrive
OnlyDrive
OnlyDrive
OnlyDrive
OnlyDrive
OnlyDrive
OnlyDrive
OnlyDrive
OnlyDrive
OnlyDrive
OnlyDrive
OnlyDrive
OnlyDrive
OnlyDrive
OnlyDrive
OnlyDrive
OnlyDrive
OnlyDrive
OnlyDrive
OnlyDrive
OnlyDrive
OnlyDrive
OnlyDrive
OnlyDrive
OnlyDrive
OnlyDrive
OnlyDrive
OnlyDrive
OnlyDrive
OnlyDrive
OnlyDrive
OnlyDrive
OnlyDrive
OnlyDrive
OnlyDrive
OnlyDrive
OnlyDrive
OnlyDrive
OnlyDrive
OnlyDrive
OnlyDrive
OnlyDrive
OnlyDrive
OnlyDrive
OnlyDrive
OnlyDrive
OnlyDrive
OnlyDrive
OnlyDrive
OnlyDrive
OnlyDrive
OnlyDrive
OnlyDrive
OnlyDrive
OnlyDrive
OnlyDrive
OnlyDrive
OnlyDrive
OnlyDrive
OnlyDrive
OnlyDrive
OnlyDrive
OnlyDrive
OnlyDrive
OnlyDrive
OnlyDrive
OnlyDrive
OnlyDrive
OnlyDrive
OnlyDrive
OnlyDrive
OnlyDrive
OnlyDrive
OnlyDrive
OnlyDrive
OnlyDrive
OnlyDrive
OnlyDrive
OnlyDrive
OnlyDrive
OnlyDrive
OnlyDrive
OnlyDrive
OnlyDrive
OnlyDrive
OnlyDrive
OnlyDrive
OnlyDrive
OnlyDrive
OnlyDrive
OnlyDrive
OnlyDrive
OnlyDrive
OnlyDrive
OnlyDrive
OnlyDrive
OnlyDrive
OnlyDrive
OnlyDrive
OnlyDrive
OnlyDrive
OnlyDrive
OnlyDrive
OnlyDrive
OnlyDrive
OnlyDrive
OnlyDrive
OnlyDrive
OnlyDrive
OnlyDrive
OnlyDrive
OnlyDrive
OnlyDrive
OnlyDrive
OnlyDrive
OnlyDrive
OnlyDrive
OnlyDrive
OnlyDrive
OnlyDrive
OnlyDrive
OnlyDrive
OnlyDrive
OnlyDrive
OnlyDrive
OnlyDrive
OnlyDrive
OnlyDrive
OnlyDrive
OnlyDrive
OnlyDrive
OnlyDrive
OnlyDrive
OnlyDrive
OnlyDrive
OnlyDrive
OnlyDrive
OnlyDrive
OnlyDrive
OnlyDrive
OnlyDrive
OnlyDrive
OnlyDrive
OnlyDrive
OnlyDrive
OnlyDrive
OnlyDrive
OnlyDrive
OnlyDrive
OnlyDrive
OnlyDrive
OnlyDrive
OnlyDrive
OnlyDrive
OnlyDrive
OnlyDrive
OnlyDrive
OnlyDrive
OnlyDrive
OnlyDrive
OnlyDrive
OnlyDrive
OnlyDrive
OnlyDrive
OnlyDrive
OnlyDrive
OnlyDrive
OnlyDrive
OnlyDrive
OnlyDrive
OnlyDrive
OnlyDrive
OnlyDrive
OnlyDrive
OnlyDrive
OnlyDrive
OnlyDrive
OnlyDrive
OnlyDrive
OnlyDrive
OnlyDrive
OnlyDrive
OnlyDrive
OnlyDrive
OnlyDrive
OnlyDrive
OnlyDrive
OnlyDrive
OnlyDrive
OnlyDrive
OnlyDrive
OnlyDrive
OnlyDrive
OnlyDrive
OnlyDrive
OnlyDrive
OnlyDrive
OnlyDrive
OnlyDrive
OnlyDrive
OnlyDrive
OnlyDrive
OnlyDrive
OnlyDrive
OnlyDrive
OnlyDrive
OnlyDrive
OnlyDrive
OnlyDrive
OnlyDrive
OnlyDrive
OnlyDrive
OnlyDrive
OnlyDrive
OnlyDrive
OnlyDrive
OnlyDrive
OnlyDrive
OnlyDrive
OnlyDrive
OnlyDrive
OnlyDrive
OnlyDrive
OnlyDrive
OnlyDrive
OnlyDrive
OnlyDrive
OnlyDrive
OnlyDrive
OnlyDrive
OnlyDrive
OnlyDrive
OnlyDrive
OnlyDrive
OnlyDrive
OnlyDrive
OnlyDrive
OnlyDrive
OnlyDrive
OnlyDrive
OnlyDrive
OnlyDrive
OnlyDrive
OnlyDrive
OnlyDrive
OnlyDrive
OnlyDrive
OnlyDrive
OnlyDrive
OnlyDrive
OnlyDrive
OnlyDrive
OnlyDrive
OnlyDrive
OnlyDrive
OnlyDrive
OnlyDrive
OnlyDrive
OnlyDrive
OnlyDrive
OnlyDrive
OnlyDrive
OnlyDrive
OnlyDrive
OnlyDrive
OnlyDrive
OnlyDrive
OnlyDrive
OnlyDrive
OnlyDrive
OnlyDrive
OnlyDrive
OnlyDrive
OnlyDrive
OnlyDrive
OnlyDrive
OnlyDrive
OnlyDrive
OnlyDrive
OnlyDrive
OnlyDrive
OnlyDrive
OnlyDrive
OnlyDrive
OnlyDrive
OnlyDrive
OnlyDrive
OnlyDrive
OnlyDrive
OnlyDrive
OnlyDrive
OnlyDrive
OnlyDrive
OnlyDrive
OnlyDrive
OnlyDrive
OnlyDrive
OnlyDrive
OnlyDrive
OnlyDrive
OnlyDrive
OnlyDrive
OnlyDrive
OnlyDrive
OnlyDrive
OnlyDrive
OnlyDrive
OnlyDrive
OnlyDrive
OnlyDrive
OnlyDrive
OnlyDrive
OnlyDrive
OnlyDrive
OnlyDrive
OnlyDrive
OnlyDrive
OnlyDrive
OnlyDrive
OnlyDrive
OnlyDrive
OnlyDrive
OnlyDrive
OnlyDrive
OnlyDrive
OnlyDrive
OnlyDrive
OnlyDrive
OnlyDrive
OnlyDrive
OnlyDrive
OnlyDrive
OnlyDrive
OnlyDrive
OnlyDrive
OnlyDrive
OnlyDrive
OnlyDrive
OnlyDrive
OnlyDrive
OnlyDrive
OnlyDrive
OnlyDrive
OnlyDrive
OnlyDrive
OnlyDrive
OnlyDrive
OnlyDrive
OnlyDrive
OnlyDrive
OnlyDrive
OnlyDrive
OnlyDrive
OnlyDrive
OnlyDrive
OnlyDrive
OnlyDrive
OnlyDrive
OnlyDrive
OnlyDrive
OnlyDrive
OnlyDrive
OnlyDrive
OnlyDrive
OnlyDrive
OnlyDrive
OnlyDrive
OnlyDrive
OnlyDrive
OnlyDrive
OnlyDrive
OnlyDrive
OnlyDrive
OnlyDrive
OnlyDrive
OnlyDrive
OnlyDrive
OnlyDrive
OnlyDrive
OnlyDrive
OnlyDrive
OnlyDrive
OnlyDrive
OnlyDrive
OnlyDrive
OnlyDrive
OnlyDrive
OnlyDrive
OnlyDrive
OnlyDrive
OnlyDrive
OnlyDrive
OnlyDrive
OnlyDrive
OnlyDrive
OnlyDrive
OnlyDrive
OnlyDrive
OnlyDrive
OnlyDrive
OnlyDrive
OnlyDrive
OnlyDrive
OnlyDrive
OnlyDrive
OnlyDrive
OnlyDrive
OnlyDrive
OnlyDrive
OnlyDrive
OnlyDrive
OnlyDrive
OnlyDrive
OnlyDrive
OnlyDrive
OnlyDrive
OnlyDrive
OnlyDrive
OnlyDrive
OnlyDrive
OnlyDrive
OnlyDrive
OnlyDrive
OnlyDrive
OnlyDrive
OnlyDrive
OnlyDrive
OnlyDrive
OnlyDrive
OnlyDrive
OnlyDrive
OnlyDrive
OnlyDrive
OnlyDrive
OnlyDrive
OnlyDrive
OnlyDrive
OnlyDrive
OnlyDrive
OnlyDrive
OnlyDrive
OnlyDrive
OnlyDrive
OnlyDrive
OnlyDrive
OnlyDrive
OnlyDrive
OnlyDrive
OnlyDrive
OnlyDrive
OnlyDrive
OnlyDrive
OnlyDrive
OnlyDrive
OnlyDrive
OnlyDrive
OnlyDrive
OnlyDrive
OnlyDrive
OnlyDrive
OnlyDrive
OnlyDrive
OnlyDrive
OnlyDrive
OnlyDrive
OnlyDrive
OnlyDrive
OnlyDrive
OnlyDrive
OnlyDrive
OnlyDrive
OnlyDrive
OnlyDrive
OnlyDrive
OnlyDrive
OnlyDrive
OnlyDrive
OnlyDrive
OnlyDrive
OnlyDrive
OnlyDrive
OnlyDrive
OnlyDrive
OnlyDrive
OnlyDrive
OnlyDrive
OnlyDrive
OnlyDrive
OnlyDrive
OnlyDrive
OnlyDrive
OnlyDrive
OnlyDrive
OnlyDrive
OnlyDrive
OnlyDrive
OnlyDrive
OnlyDrive
OnlyDrive
OnlyDrive
OnlyDrive
OnlyDrive
OnlyDrive
OnlyDrive
OnlyDrive
OnlyDrive
OnlyDrive
OnlyDrive
OnlyDrive
OnlyDrive
OnlyDrive
OnlyDrive
OnlyDrive
OnlyDrive
OnlyDrive
OnlyDrive
OnlyDrive
OnlyDrive
OnlyDrive
OnlyDrive
OnlyDrive
OnlyDrive
OnlyDrive
OnlyDrive
OnlyDrive
OnlyDrive
OnlyDrive
OnlyDrive
OnlyDrive
OnlyDrive
OnlyDrive
OnlyDrive
OnlyDrive
OnlyDrive
OnlyDrive
OnlyDrive
OnlyDrive
OnlyDrive
OnlyDrive
OnlyDrive
OnlyDrive
OnlyDrive
OnlyDrive
OnlyDrive
OnlyDrive
OnlyDrive
OnlyDrive
OnlyDrive
OnlyDrive
OnlyDrive
OnlyDrive
OnlyDrive
OnlyDrive
OnlyDrive
OnlyDrive
OnlyDrive
OnlyDrive
OnlyDrive
OnlyDrive
OnlyDrive
OnlyDrive
OnlyDrive
OnlyDrive
OnlyDrive
OnlyDrive
OnlyDrive
OnlyDrive
OnlyDrive
OnlyDrive
OnlyDrive
OnlyDrive
OnlyDrive
OnlyDrive
OnlyDrive
OnlyDrive
OnlyDrive
OnlyDrive
OnlyDrive
OnlyDrive
OnlyDrive
OnlyDrive
OnlyDrive
OnlyDrive
OnlyDrive
OnlyDrive
OnlyDrive
OnlyDrive
OnlyDrive
OnlyDrive
OnlyDrive
OnlyDrive
OnlyDrive
OnlyDrive
OnlyDrive
OnlyDrive
OnlyDrive
OnlyDrive
OnlyDrive
OnlyDrive
OnlyDrive
OnlyDrive
OnlyDrive
OnlyDrive
OnlyDrive
OnlyDrive
OnlyDrive
OnlyDrive
OnlyDrive
OnlyDrive
OnlyDrive
OnlyDrive
OnlyDrive
OnlyDrive
OnlyDrive
OnlyDrive
OnlyDrive
OnlyDrive
OnlyDrive
OnlyDrive
OnlyDrive
OnlyDrive
OnlyDrive
OnlyDrive
OnlyDrive
OnlyDrive
OnlyDrive
OnlyDrive
OnlyDrive
OnlyDrive
OnlyDrive
OnlyDrive
OnlyDrive
OnlyDrive
OnlyDrive
OnlyDrive
OnlyDrive
OnlyDrive
OnlyDrive
OnlyDrive
OnlyDrive
OnlyDrive
OnlyDrive
OnlyDrive
OnlyDrive
OnlyDrive
OnlyDrive
OnlyDrive
OnlyDrive
OnlyDrive
OnlyDrive
OnlyDrive
OnlyDrive
OnlyDrive
OnlyDrive
OnlyDrive
OnlyDrive
OnlyDrive
OnlyDrive
OnlyDrive
OnlyDrive
OnlyDrive
OnlyDrive
OnlyDrive
OnlyDrive
OnlyDrive
OnlyDrive
OnlyDrive
OnlyDrive
OnlyDrive
OnlyDrive
OnlyDrive
OnlyDrive
OnlyDrive
OnlyDrive
OnlyDrive
OnlyDrive
OnlyDrive
OnlyDrive
OnlyDrive
OnlyDrive
OnlyDrive
OnlyDrive
OnlyDrive
OnlyDrive
OnlyDrive
OnlyDrive
OnlyDrive
OnlyDrive
OnlyDrive
OnlyDrive
OnlyDrive
OnlyDrive
OnlyDrive
OnlyDrive
OnlyDrive
OnlyDrive
OnlyDrive
OnlyDrive
OnlyDrive
OnlyDrive
OnlyDrive
OnlyDrive
OnlyDrive
OnlyDrive
OnlyDrive
OnlyDrive
OnlyDrive
OnlyDrive
OnlyDrive
OnlyDrive
OnlyDrive
OnlyDrive
OnlyDrive
OnlyDrive
OnlyDrive
OnlyDrive
OnlyDrive
OnlyDrive
OnlyDrive
OnlyDrive
OnlyDrive
OnlyDrive
OnlyDrive
OnlyDrive
OnlyDrive
OnlyDrive
OnlyDrive
OnlyDrive
OnlyDrive
OnlyDrive
OnlyDrive
OnlyDrive
OnlyDrive
OnlyDrive
OnlyDrive
OnlyDrive
OnlyDrive
OnlyDrive
OnlyDrive
OnlyDrive
OnlyDrive
OnlyDrive
OnlyDrive
OnlyDrive
OnlyDrive
OnlyDrive
OnlyDrive
OnlyDrive
OnlyDrive
OnlyDrive
OnlyDrive
OnlyDrive
OnlyDrive
OnlyDrive
OnlyDrive
OnlyDrive
OnlyDrive
OnlyDrive
OnlyDrive
OnlyDrive
OnlyDrive
OnlyDrive
OnlyDrive
OnlyDrive
OnlyDrive
OnlyDrive
OnlyDrive
OnlyDrive
OnlyDrive
OnlyDrive
OnlyDrive
OnlyDrive
OnlyDrive
OnlyDrive
OnlyDrive
OnlyDrive
OnlyDrive
OnlyDrive
OnlyDrive
OnlyDrive
OnlyDrive
OnlyDrive
OnlyDrive
OnlyDrive
OnlyDrive
OnlyDrive
OnlyDrive
OnlyDrive
OnlyDrive
OnlyDrive
OnlyDrive
OnlyDrive
OnlyDrive
OnlyDrive
OnlyDrive
OnlyDrive
OnlyDrive
OnlyDrive
OnlyDrive
OnlyDrive
OnlyDrive
OnlyDrive
OnlyDrive
OnlyDrive
OnlyDrive
OnlyDrive
OnlyDrive
OnlyDrive
OnlyDrive
OnlyDrive
OnlyDrive
OnlyDrive
OnlyDrive
OnlyDrive
OnlyDrive
OnlyDrive
OnlyDrive
OnlyDrive
OnlyDrive
OnlyDrive
OnlyDrive
OnlyDrive
OnlyDrive
OnlyDrive
OnlyDrive
OnlyDrive
OnlyDrive
OnlyDrive
OnlyDrive
OnlyDrive
OnlyDrive
OnlyDrive
OnlyDrive
OnlyDrive
OnlyDrive
OnlyDrive
OnlyDrive
OnlyDrive
OnlyDrive
OnlyDrive
OnlyDrive
OnlyDrive
OnlyDrive
OnlyDrive
OnlyDrive
OnlyDrive
OnlyDrive
OnlyDrive
OnlyDrive
OnlyDrive
OnlyDrive
OnlyDrive
OnlyDrive
OnlyDrive
OnlyDrive
OnlyDrive
OnlyDrive
OnlyDrive
OnlyDrive
OnlyDrive
OnlyDrive
OnlyDrive
OnlyDrive
OnlyDrive
OnlyDrive
OnlyDrive
OnlyDrive
OnlyDrive
OnlyDrive
OnlyDrive
OnlyDrive
OnlyDrive
OnlyDrive
OnlyDrive
OnlyDrive
OnlyDrive
OnlyDrive
OnlyDrive
OnlyDrive
OnlyDrive
OnlyDrive
OnlyDrive
OnlyDrive
OnlyDrive
OnlyDrive
OnlyDrive
OnlyDrive
OnlyDrive
OnlyDrive
OnlyDrive
OnlyDrive
OnlyDrive
OnlyDrive
OnlyDrive
OnlyDrive
OnlyDrive
OnlyDrive
OnlyDrive
OnlyDrive
OnlyDrive
OnlyDrive
OnlyDrive
OnlyDrive
OnlyDrive
OnlyDrive
OnlyDrive
OnlyDrive
OnlyDrive
OnlyDrive
OnlyDrive
OnlyDrive
OnlyDrive
OnlyDrive
OnlyDrive
OnlyDrive
OnlyDrive
OnlyDrive
OnlyDrive
OnlyDrive
OnlyDrive
OnlyDrive
OnlyDrive
OnlyDrive
OnlyDrive
OnlyDrive
OnlyDrive
OnlyDrive
OnlyDrive
OnlyDrive
OnlyDrive
OnlyDrive
OnlyDrive
OnlyDrive
OnlyDrive
OnlyDrive
OnlyDrive
OnlyDrive
OnlyDrive
OnlyDrive
OnlyDrive
OnlyDrive
OnlyDrive
OnlyDrive
OnlyDrive
OnlyDrive
OnlyDrive
OnlyDrive
OnlyDrive
OnlyDrive
OnlyDrive
OnlyDrive
OnlyDrive
OnlyDrive
OnlyDrive
OnlyDrive
OnlyDrive
OnlyDrive
OnlyDrive
OnlyDrive
OnlyDrive
OnlyDrive
OnlyDrive
OnlyDrive
OnlyDrive
OnlyDrive
OnlyDrive
OnlyDrive
OnlyDrive
OnlyDrive
OnlyDrive
OnlyDrive
OnlyDrive
OnlyDrive
OnlyDrive
OnlyDrive
OnlyDrive
OnlyDrive
OnlyDrive
OnlyDrive
OnlyDrive
OnlyDrive
OnlyDrive
OnlyDrive
OnlyDrive
OnlyDrive
OnlyDrive
OnlyDrive
OnlyDrive
OnlyDrive
OnlyDrive
OnlyDrive
OnlyDrive
OnlyDrive
OnlyDrive
OnlyDrive
OnlyDrive
OnlyDrive
OnlyDrive
OnlyDrive
OnlyDrive
OnlyDrive
OnlyDrive
OnlyDrive
OnlyDrive
OnlyDrive
OnlyDrive
OnlyDrive
OnlyDrive
OnlyDrive
OnlyDrive
OnlyDrive
OnlyDrive
OnlyDrive
OnlyDrive
OnlyDrive
OnlyDrive
OnlyDrive
OnlyDrive
OnlyDrive
OnlyDrive
OnlyDrive
OnlyDrive
OnlyDrive
OnlyDrive
OnlyDrive
OnlyDrive
OnlyDrive
OnlyDrive
OnlyDrive
OnlyDrive
OnlyDrive
OnlyDrive
OnlyDrive
OnlyDrive
OnlyDrive
OnlyDrive
OnlyDrive
OnlyDrive
OnlyDrive
OnlyDrive
OnlyDrive
OnlyDrive
OnlyDrive
OnlyDrive
OnlyDrive
OnlyDrive
OnlyDrive
OnlyDrive
OnlyDrive
OnlyDrive
OnlyDrive
OnlyDrive
OnlyDrive
OnlyDrive
OnlyDrive
OnlyDrive
OnlyDrive
OnlyDrive
OnlyDrive
OnlyDrive
OnlyDrive
OnlyDrive
OnlyDrive
OnlyDrive
OnlyDrive
OnlyDrive
OnlyDrive
OnlyDrive
OnlyDrive
OnlyDrive
OnlyDrive
OnlyDrive
OnlyDrive
OnlyDrive
OnlyDrive
OnlyDrive
OnlyDrive
OnlyDrive
OnlyDrive
OnlyDrive
OnlyDrive
OnlyDrive
OnlyDrive
OnlyDrive
OnlyDrive
OnlyDrive
OnlyDrive
OnlyDrive
OnlyDrive
OnlyDrive
OnlyDrive
OnlyDrive
OnlyDrive
OnlyDrive
OnlyDrive
OnlyDrive
OnlyDrive
OnlyDrive
OnlyDrive
OnlyDrive
OnlyDrive
OnlyDrive
OnlyDrive
OnlyDrive
OnlyDrive
OnlyDrive
OnlyDrive
OnlyDrive
OnlyDrive
OnlyDrive
OnlyDrive
OnlyDrive
OnlyDrive
OnlyDrive
OnlyDrive
OnlyDrive
OnlyDrive
OnlyDrive
OnlyDrive
OnlyDrive
OnlyDrive
OnlyDrive
OnlyDrive
OnlyDrive
OnlyDrive
OnlyDrive
OnlyDrive
OnlyDrive
OnlyDrive
OnlyDrive
OnlyDrive
OnlyDrive
OnlyDrive
OnlyDrive
OnlyDrive
OnlyDrive
OnlyDrive
OnlyDrive
OnlyDrive
OnlyDrive
OnlyDrive
OnlyDrive
OnlyDrive
OnlyDrive
OnlyDrive
OnlyDrive
OnlyDrive
OnlyDrive
OnlyDrive
OnlyDrive
OnlyDrive
OnlyDrive
OnlyDrive
OnlyDrive
OnlyDrive
OnlyDrive
OnlyDrive
OnlyDrive
OnlyDrive
OnlyDrive
OnlyDrive
OnlyDrive
OnlyDrive
OnlyDrive
OnlyDrive
OnlyDrive
OnlyDrive
OnlyDrive
OnlyDrive
OnlyDrive
OnlyDrive
OnlyDrive
OnlyDrive
OnlyDrive
OnlyDrive
OnlyDrive
OnlyDrive
OnlyDrive
OnlyDrive
OnlyDrive
OnlyDrive
OnlyDrive
OnlyDrive
OnlyDrive
OnlyDrive
OnlyDrive
OnlyDrive
OnlyDrive
OnlyDrive
OnlyDrive
OnlyDrive
OnlyDrive
OnlyDrive
OnlyDrive
OnlyDrive
OnlyDrive
OnlyDrive
OnlyDrive
OnlyDrive
OnlyDrive
OnlyDrive
OnlyDrive
OnlyDrive
OnlyDrive
OnlyDrive
OnlyDrive
OnlyDrive
OnlyDrive
OnlyDrive
OnlyDrive
OnlyDrive
OnlyDrive
OnlyDrive
OnlyDrive
OnlyDrive
OnlyDrive
OnlyDrive
OnlyDrive
OnlyDrive
OnlyDrive
OnlyDrive
OnlyDrive
OnlyDrive
OnlyDrive
OnlyDrive
OnlyDrive
OnlyDrive
OnlyDrive
OnlyDrive
OnlyDrive
OnlyDrive
OnlyDrive
OnlyDrive
OnlyDrive
OnlyDrive
OnlyDrive
OnlyDrive
OnlyDrive
OnlyDrive
OnlyDrive
OnlyDrive
OnlyDrive
OnlyDrive
OnlyDrive
OnlyDrive
OnlyDrive
OnlyDrive
OnlyDrive
OnlyDrive
OnlyDrive
OnlyDrive
OnlyDrive
OnlyDrive
OnlyDrive
OnlyDrive
OnlyDrive
OnlyDrive
OnlyDrive
OnlyDrive
OnlyDrive
OnlyDrive
OnlyDrive
OnlyDrive
OnlyDrive
OnlyDrive
OnlyDrive
OnlyDrive
OnlyDrive
OnlyDrive
OnlyDrive
OnlyDrive
OnlyDrive
OnlyDrive
OnlyDrive
OnlyDrive
OnlyDrive
OnlyDrive
OnlyDrive
OnlyDrive
OnlyDrive
OnlyDrive
OnlyDrive
OnlyDrive
OnlyDrive
OnlyDrive
OnlyDrive
OnlyDrive
OnlyDrive
OnlyDrive
OnlyDrive
OnlyDrive
OnlyDrive
OnlyDrive
OnlyDrive
OnlyDrive
OnlyDrive
OnlyDrive
OnlyDrive
OnlyDrive
OnlyDrive
OnlyDrive
OnlyDrive
OnlyDrive
OnlyDrive
OnlyDrive
OnlyDrive
OnlyDrive
OnlyDrive
OnlyDrive
OnlyDrive
OnlyDrive
OnlyDrive
OnlyDrive
OnlyDrive
OnlyDrive
OnlyDrive
OnlyDrive
OnlyDrive
OnlyDrive
OnlyDrive
OnlyDrive
OnlyDrive
OnlyDrive
OnlyDrive
OnlyDrive
OnlyDrive
OnlyDrive
OnlyDrive
OnlyDrive
OnlyDrive
OnlyDrive
OnlyDrive
OnlyDrive
OnlyDrive
OnlyDrive
OnlyDrive
OnlyDrive
OnlyDrive
OnlyDrive
OnlyDrive
OnlyDrive
OnlyDrive
OnlyDrive
OnlyDrive
OnlyDrive
OnlyDrive
OnlyDrive
OnlyDrive
OnlyDrive
OnlyDrive
OnlyDrive
OnlyDrive
OnlyDrive
OnlyDrive
OnlyDrive
OnlyDrive
OnlyDrive
OnlyDrive
OnlyDrive
OnlyDrive
OnlyDrive
OnlyDrive
OnlyDrive
OnlyDrive
OnlyDrive
OnlyDrive
OnlyDrive
OnlyDrive
OnlyDrive
OnlyDrive
OnlyDrive
OnlyDrive
OnlyDrive
OnlyDrive
OnlyDrive
OnlyDrive
OnlyDrive
OnlyDrive
OnlyDrive
OnlyDrive
OnlyDrive
OnlyDrive
OnlyDrive
OnlyDrive
OnlyDrive
OnlyDrive
OnlyDrive
OnlyDrive
OnlyDrive
OnlyDrive
OnlyDrive
OnlyDrive
OnlyDrive
OnlyDrive
OnlyDrive
OnlyDrive
OnlyDrive
OnlyDrive
OnlyDrive
OnlyDrive
OnlyDrive
OnlyDrive
OnlyDrive
OnlyDrive
OnlyDrive
OnlyDrive
OnlyDrive
OnlyDrive
OnlyDrive
OnlyDrive
OnlyDrive
OnlyDrive
OnlyDrive
OnlyDrive
OnlyDrive
OnlyDrive
OnlyDrive
OnlyDrive
OnlyDrive
OnlyDrive
OnlyDrive
OnlyDrive
OnlyDrive
OnlyDrive
OnlyDrive
OnlyDrive
OnlyDrive
OnlyDrive
OnlyDrive
OnlyDrive
OnlyDrive
OnlyDrive
OnlyDrive
OnlyDrive
OnlyDrive
OnlyDrive
OnlyDrive
OnlyDrive
OnlyDrive
OnlyDrive
OnlyDrive
OnlyDrive
OnlyDrive
OnlyDrive
OnlyDrive
OnlyDrive
OnlyDrive
OnlyDrive
OnlyDrive
OnlyDrive
OnlyDrive
OnlyDrive
OnlyDrive
OnlyDrive
OnlyDrive
OnlyDrive
OnlyDrive
OnlyDrive
OnlyDrive
OnlyDrive
OnlyDrive
OnlyDrive
OnlyDrive
OnlyDrive
OnlyDrive
OnlyDrive
OnlyDrive
OnlyDrive
OnlyDrive
OnlyDrive
OnlyDrive
OnlyDrive
OnlyDrive
OnlyDrive
OnlyDrive
OnlyDrive
OnlyDrive
OnlyDrive
OnlyDrive
OnlyDrive
OnlyDrive
OnlyDrive
OnlyDrive
OnlyDrive
OnlyDrive
OnlyDrive
OnlyDrive
OnlyDrive
OnlyDrive
OnlyDrive
OnlyDrive
OnlyDrive
OnlyDrive
OnlyDrive
OnlyDrive
OnlyDrive
OnlyDrive
OnlyDrive
OnlyDrive
OnlyDrive
OnlyDrive
OnlyDrive
OnlyDrive
OnlyDrive
OnlyDrive
OnlyDrive
OnlyDrive
OnlyDrive
OnlyDrive
OnlyDrive
OnlyDrive
OnlyDrive
OnlyDrive
OnlyDrive
OnlyDrive
OnlyDrive
OnlyDrive
OnlyDrive
OnlyDrive
OnlyDrive
OnlyDrive
OnlyDrive
OnlyDrive
OnlyDrive
OnlyDrive
OnlyDrive
OnlyDrive
OnlyDrive
OnlyDrive
OnlyDrive
OnlyDrive
OnlyDrive
OnlyDrive
OnlyDrive
OnlyDrive
OnlyDrive
OnlyDrive
OnlyDrive
OnlyDrive
OnlyDrive
OnlyDrive
OnlyDrive
OnlyDrive
OnlyDrive
OnlyDrive
OnlyDrive
OnlyDrive
OnlyDrive
OnlyDrive
OnlyDrive
OnlyDrive
OnlyDrive
OnlyDrive
OnlyDrive
OnlyDrive
OnlyDrive
OnlyDrive
OnlyDrive
OnlyDrive
OnlyDrive
OnlyDrive
OnlyDrive
OnlyDrive
OnlyDrive
OnlyDrive
OnlyDrive
OnlyDrive
OnlyDrive
OnlyDrive
OnlyDrive
OnlyDrive
OnlyDrive
OnlyDrive
OnlyDrive
OnlyDrive
OnlyDrive
OnlyDrive
OnlyDrive
OnlyDrive
OnlyDrive
OnlyDrive
OnlyDrive
OnlyDrive
OnlyDrive
OnlyDrive
OnlyDrive
OnlyDrive
OnlyDrive
OnlyDrive
OnlyDrive
OnlyDrive
OnlyDrive
OnlyDrive
OnlyDrive
OnlyDrive
OnlyDrive
OnlyDrive
OnlyDrive
OnlyDrive
OnlyDrive
OnlyDrive
OnlyDrive
OnlyDrive
OnlyDrive
OnlyDrive
OnlyDrive
OnlyDrive
OnlyDrive
OnlyDrive
OnlyDrive
OnlyDrive
OnlyDrive
OnlyDrive
OnlyDrive
OnlyDrive
OnlyDrive
OnlyDrive
OnlyDrive
OnlyDrive
OnlyDrive
OnlyDrive
OnlyDrive
OnlyDrive
OnlyDrive
OnlyDrive
OnlyDrive
OnlyDrive
OnlyDrive
OnlyDrive
OnlyDrive
OnlyDrive
OnlyDrive
OnlyDrive
OnlyDrive
OnlyDrive
OnlyDrive
OnlyDrive
OnlyDrive
OnlyDrive
OnlyDrive
OnlyDrive
OnlyDrive
OnlyDrive
OnlyDrive
OnlyDrive
OnlyDrive
OnlyDrive
OnlyDrive
OnlyDrive
OnlyDrive
OnlyDrive
OnlyDrive
OnlyDrive
OnlyDrive
OnlyDrive
OnlyDrive
OnlyDrive
OnlyDrive
OnlyDrive
OnlyDrive
OnlyDrive
OnlyDrive
OnlyDrive
OnlyDrive
OnlyDrive
OnlyDrive
OnlyDrive
OnlyDrive
OnlyDrive
OnlyDrive
OnlyDrive
OnlyDrive
OnlyDrive
OnlyDrive
OnlyDrive
OnlyDrive
OnlyDrive
OnlyDrive
OnlyDrive
OnlyDrive
OnlyDrive
OnlyDrive
OnlyDrive
OnlyDrive
OnlyDrive
OnlyDrive
OnlyDrive
OnlyDrive
OnlyDrive
OnlyDrive
OnlyDrive
OnlyDrive
OnlyDrive
OnlyDrive
OnlyDrive
OnlyDrive
OnlyDrive
OnlyDrive
OnlyDrive
OnlyDrive
OnlyDrive
OnlyDrive
OnlyDrive
OnlyDrive
OnlyDrive
OnlyDrive
OnlyDrive
OnlyDrive
OnlyDrive
OnlyDrive
OnlyDrive
OnlyDrive
OnlyDrive
OnlyDrive
OnlyDrive
OnlyDrive
OnlyDrive
OnlyDrive
OnlyDrive
OnlyDrive
OnlyDrive
OnlyDrive
OnlyDrive
OnlyDrive
OnlyDrive
OnlyDrive
OnlyDrive
OnlyDrive
OnlyDrive
OnlyDrive
OnlyDrive
OnlyDrive
OnlyDrive
OnlyDrive
OnlyDrive
OnlyDrive
OnlyDrive
OnlyDrive
OnlyDrive
OnlyDrive
OnlyDrive
OnlyDrive
OnlyDrive
OnlyDrive
OnlyDrive
OnlyDrive
OnlyDrive
OnlyDrive
OnlyDrive
OnlyDrive
OnlyDrive
OnlyDrive
OnlyDrive
OnlyDrive
OnlyDrive
OnlyDrive
OnlyDrive
OnlyDrive
OnlyDrive
OnlyDrive
OnlyDrive
OnlyDrive
OnlyDrive
OnlyDrive
OnlyDrive
OnlyDrive
OnlyDrive
OnlyDrive
OnlyDrive
OnlyDrive
OnlyDrive
OnlyDrive
OnlyDrive
OnlyDrive
OnlyDrive
OnlyDrive
OnlyDrive
OnlyDrive
OnlyDrive
OnlyDrive
OnlyDrive
OnlyDrive
OnlyDrive
OnlyDrive
OnlyDrive
OnlyDrive
OnlyDrive
OnlyDrive
OnlyDrive
OnlyDrive
OnlyDrive
OnlyDrive
OnlyDrive
OnlyDrive
OnlyDrive
OnlyDrive
OnlyDrive
OnlyDrive
OnlyDrive
OnlyDrive
OnlyDrive
OnlyDrive
OnlyDrive
OnlyDrive
OnlyDrive
OnlyDrive
OnlyDrive
OnlyDrive
OnlyDrive
OnlyDrive
OnlyDrive
OnlyDrive
OnlyDrive
OnlyDrive
OnlyDrive
OnlyDrive
OnlyDrive
OnlyDrive
OnlyDrive
OnlyDrive
OnlyDrive
OnlyDrive
OnlyDrive
OnlyDrive
OnlyDrive
OnlyDrive
OnlyDrive
OnlyDrive
OnlyDrive
OnlyDrive
OnlyDrive
OnlyDrive
OnlyDrive
OnlyDrive
OnlyDrive
OnlyDrive
OnlyDrive
OnlyDrive
OnlyDrive
OnlyDrive
OnlyDrive
OnlyDrive
OnlyDrive
OnlyDrive
OnlyDrive
OnlyDrive
OnlyDrive
OnlyDrive
OnlyDrive
OnlyDrive
OnlyDrive
OnlyDrive
OnlyDrive
OnlyDrive
OnlyDrive
OnlyDrive
OnlyDrive
OnlyDrive
OnlyDrive
OnlyDrive
OnlyDrive
OnlyDrive
OnlyDrive
OnlyDrive
OnlyDrive
OnlyDrive
OnlyDrive
OnlyDrive
OnlyDrive
OnlyDrive
OnlyDrive
OnlyDrive
OnlyDrive
OnlyDrive
OnlyDrive
OnlyDrive
OnlyDrive
OnlyDrive
OnlyDrive
OnlyDrive
OnlyDrive
OnlyDrive
OnlyDrive
OnlyDrive
OnlyDrive
OnlyDrive
OnlyDrive
OnlyDrive
OnlyDrive
OnlyDrive
OnlyDrive
OnlyDrive
OnlyDrive
OnlyDrive
OnlyDrive
OnlyDrive
OnlyDrive
OnlyDrive
OnlyDrive
OnlyDrive
OnlyDrive
OnlyDrive
OnlyDrive
OnlyDrive
OnlyDrive
OnlyDrive
OnlyDrive
OnlyDrive
OnlyDrive
OnlyDrive
OnlyDrive
OnlyDrive
OnlyDrive
OnlyDrive
OnlyDrive
OnlyDrive
OnlyDrive
OnlyDrive
OnlyDrive
OnlyDrive
OnlyDrive
OnlyDrive
OnlyDrive
OnlyDrive
OnlyDrive
OnlyDrive
OnlyDrive
OnlyDrive
OnlyDrive
OnlyDrive
OnlyDrive
OnlyDrive
OnlyDrive
OnlyDrive
OnlyDrive
OnlyDrive
OnlyDrive
OnlyDrive
OnlyDrive
OnlyDrive
OnlyDrive
OnlyDrive
OnlyDrive
OnlyDrive
OnlyDrive
OnlyDrive
OnlyDrive
OnlyDrive
OnlyDrive
OnlyDrive
OnlyDrive
OnlyDrive
OnlyDrive
OnlyDrive
OnlyDrive
OnlyDrive
OnlyDrive
OnlyDrive
OnlyDrive
OnlyDrive
OnlyDrive
OnlyDrive
OnlyDrive
OnlyDrive
OnlyDrive
OnlyDrive
OnlyDrive
OnlyDrive
OnlyDrive
OnlyDrive
OnlyDrive
OnlyDrive
OnlyDrive
OnlyDrive
OnlyDrive
OnlyDrive
OnlyDrive
OnlyDrive
OnlyDrive
OnlyDrive
OnlyDrive
OnlyDrive
OnlyDrive
OnlyDrive
OnlyDrive
OnlyDrive
OnlyDrive
OnlyDrive
OnlyDrive
OnlyDrive
OnlyDrive
OnlyDrive
OnlyDrive
OnlyDrive
OnlyDrive
OnlyDrive
OnlyDrive
OnlyDrive
OnlyDrive
OnlyDrive
OnlyDrive
OnlyDrive
OnlyDrive
OnlyDrive
OnlyDrive
OnlyDrive
OnlyDrive
OnlyDrive
OnlyDrive
OnlyDrive
OnlyDrive
OnlyDrive
OnlyDrive
OnlyDrive
OnlyDrive
OnlyDrive
OnlyDrive
OnlyDrive
OnlyDrive
OnlyDrive
OnlyDrive
OnlyDrive
OnlyDrive
OnlyDrive
OnlyDrive
OnlyDrive
OnlyDrive
OnlyDrive
OnlyDrive
OnlyDrive
OnlyDrive
OnlyDrive
OnlyDrive
OnlyDrive
OnlyDrive
OnlyDrive
OnlyDrive
OnlyDrive
OnlyDrive
OnlyDrive
OnlyDrive
OnlyDrive
OnlyDrive
OnlyDrive
OnlyDrive
OnlyDrive
OnlyDrive
OnlyDrive
OnlyDrive
OnlyDrive
OnlyDrive
OnlyDrive
OnlyDrive
OnlyDrive
OnlyDrive
OnlyDrive
OnlyDrive
OnlyDrive
OnlyDrive
OnlyDrive
OnlyDrive
OnlyDrive
OnlyDrive
OnlyDrive
OnlyDrive
OnlyDrive
OnlyDrive
OnlyDrive
OnlyDrive
OnlyDrive
OnlyDrive
OnlyDrive
OnlyDrive
OnlyDrive
OnlyDrive
OnlyDrive
OnlyDrive
OnlyDrive
OnlyDrive
OnlyDrive
OnlyDrive
OnlyDrive
OnlyDrive
OnlyDrive
OnlyDrive
OnlyDrive
OnlyDrive
OnlyDrive
OnlyDrive
OnlyDrive
OnlyDrive
OnlyDrive
OnlyDrive
OnlyDrive
OnlyDrive
OnlyDrive
OnlyDrive
OnlyDrive
OnlyDrive
OnlyDrive
OnlyDrive
OnlyDrive
OnlyDrive
OnlyDrive
OnlyDrive
OnlyDrive
OnlyDrive
OnlyDrive
OnlyDrive
OnlyDrive
OnlyDrive
OnlyDrive
OnlyDrive
OnlyDrive
OnlyDrive
OnlyDrive
OnlyDrive
OnlyDrive
OnlyDrive
OnlyDrive
OnlyDrive
OnlyDrive
OnlyDrive
OnlyDrive
OnlyDrive
OnlyDrive
OnlyDrive
OnlyDrive
OnlyDrive
OnlyDrive
OnlyDrive
OnlyDrive
OnlyDrive
OnlyDrive
OnlyDrive
OnlyDrive
OnlyDrive
OnlyDrive
OnlyDrive
OnlyDrive
OnlyDrive
OnlyDrive
OnlyDrive
